PassengerId,Survived,Pclass,Sex,Age,SibSp,Parch,Fare,Cabin,Embarked
1,0,3,0,22,1,0,7.25,,1
2,1,1,1,38,1,0,65.6344,C85,0
3,1,3,1,26,0,0,7.925,,1
4,1,1,1,35,1,0,53.1,C123,1
5,0,3,0,35,0,0,8.05,,1
6,0,3,0,28,0,0,8.4583,,2
7,0,1,0,54,0,0,51.8625,E46,1
8,0,3,0,2,3,1,21.075,,1
9,1,3,1,27,0,2,11.1333,,1
10,1,2,1,14,1,0,30.0708,,0
11,1,3,1,4,1,1,16.7,G6,1
12,1,1,1,58,0,0,26.55,C103,1
13,0,3,0,20,0,0,8.05,,1
14,0,3,0,39,1,5,31.275,,1
15,0,3,1,14,0,0,7.8542,,1
16,1,2,1,55,0,0,16.0,,1
17,0,3,0,2,4,1,29.125,,2
18,1,2,0,28,0,0,13.0,,1
19,0,3,1,31,1,0,18.0,,1
20,1,3,1,28,0,0,7.225,,0
21,0,2,0,35,0,0,26.0,,1
22,1,2,0,34,0,0,13.0,D56,1
23,1,3,1,15,0,0,8.0292,,2
24,1,1,0,28,0,0,35.5,A6,1
25,0,3,1,8,3,1,21.075,,1
26,1,3,1,38,1,5,31.3875,,1
27,0,3,0,28,0,0,7.225,,0
28,0,1,0,19,3,2,65.6344,C23 C25 C27,1
29,1,3,1,28,0,0,7.8792,,2
30,0,3,0,28,0,0,7.8958,,1
31,0,1,0,40,0,0,27.7208,,0
32,1,1,1,28,1,0,65.6344,B78,0
33,1,3,1,28,0,0,7.75,,2
34,0,2,0,66,0,0,10.5,,1
35,0,1,0,28,1,0,65.6344,,0
36,0,1,0,42,1,0,52.0,,1
37,1,3,0,28,0,0,7.2292,,0
38,0,3,0,21,0,0,8.05,,1
39,0,3,1,18,2,0,18.0,,1
40,1,3,1,14,1,0,11.2417,,0
41,0,3,1,40,1,0,9.475,,1
42,0,2,1,27,1,0,21.0,,1
43,0,3,0,28,0,0,7.8958,,0
44,1,2,1,3,1,2,41.5792,,0
45,1,3,1,19,0,0,7.8792,,2
46,0,3,0,28,0,0,8.05,,1
47,0,3,0,28,1,0,15.5,,2
48,1,3,1,28,0,0,7.75,,2
49,0,3,0,28,2,0,21.6792,,0
50,0,3,1,18,1,0,17.8,,1
51,0,3,0,7,4,1,39.6875,,1
52,0,3,0,21,0,0,7.8,,1
53,1,1,1,49,1,0,65.6344,D33,0
54,1,2,1,29,1,0,26.0,,1
55,0,1,0,65,0,1,61.9792,B30,0
56,1,1,0,28,0,0,35.5,C52,1
57,1,2,1,21,0,0,10.5,,1
58,0,3,0,28,0,0,7.2292,,0
59,1,2,1,5,1,2,27.75,,1
60,0,3,0,11,5,2,46.9,,1
61,0,3,0,22,0,0,7.2292,,0
62,1,1,1,38,0,0,65.6344,B28,1
63,0,1,0,45,1,0,65.6344,C83,1
64,0,3,0,4,3,2,27.9,,1
65,0,1,0,28,0,0,27.7208,,0
66,1,3,0,28,1,1,15.2458,,0
67,1,2,1,29,0,0,10.5,F33,1
68,0,3,0,19,0,0,8.1583,,1
69,1,3,1,17,4,2,7.925,,1
70,0,3,0,26,2,0,8.6625,,1
71,0,2,0,32,0,0,10.5,,1
72,0,3,1,16,5,2,46.9,,1
73,0,2,0,21,0,0,65.6344,,1
74,0,3,0,26,1,0,14.4542,,0
75,1,3,0,32,0,0,56.4958,,1
76,0,3,0,25,0,0,7.65,F G73,1
77,0,3,0,28,0,0,7.8958,,1
78,0,3,0,28,0,0,8.05,,1
79,1,2,0,0,0,2,29.0,,1
80,1,3,1,30,0,0,12.475,,1
81,0,3,0,22,0,0,9.0,,1
82,1,3,0,29,0,0,9.5,,1
83,1,3,1,28,0,0,7.7875,,2
84,0,1,0,28,0,0,47.1,,1
85,1,2,1,17,0,0,10.5,,1
86,1,3,1,33,3,0,15.85,,1
87,0,3,0,16,1,3,34.375,,1
88,0,3,0,28,0,0,8.05,,1
89,1,1,1,23,3,2,65.6344,C23 C25 C27,1
90,0,3,0,24,0,0,8.05,,1
91,0,3,0,29,0,0,8.05,,1
92,0,3,0,20,0,0,7.8542,,1
93,0,1,0,46,1,0,61.175,E31,1
94,0,3,0,26,1,2,20.575,,1
95,0,3,0,59,0,0,7.25,,1
96,0,3,0,28,0,0,8.05,,1
97,0,1,0,71,0,0,34.6542,A5,0
98,1,1,0,23,0,1,63.3583,D10 D12,0
99,1,2,1,34,0,1,23.0,,1
100,0,2,0,34,1,0,26.0,,1
101,0,3,1,28,0,0,7.8958,,1
102,0,3,0,28,0,0,7.8958,,1
103,0,1,0,21,0,1,65.6344,D26,1
104,0,3,0,33,0,0,8.6542,,1
105,0,3,0,37,2,0,7.925,,1
106,0,3,0,28,0,0,7.8958,,1
107,1,3,1,21,0,0,7.65,,1
108,1,3,0,28,0,0,7.775,,1
109,0,3,0,38,0,0,7.8958,,1
110,1,3,1,28,1,0,24.15,,2
111,0,1,0,47,0,0,52.0,C110,1
112,0,3,1,14,1,0,14.4542,,0
113,0,3,0,22,0,0,8.05,,1
114,0,3,1,20,1,0,9.825,,1
115,0,3,1,17,0,0,14.4583,,0
116,0,3,0,21,0,0,7.925,,1
117,0,3,0,70,0,0,7.75,,2
118,0,2,0,29,1,0,21.0,,1
119,0,1,0,24,0,1,65.6344,B58 B60,0
120,0,3,1,2,4,2,31.275,,1
121,0,2,0,21,2,0,65.6344,,1
122,0,3,0,28,0,0,8.05,,1
123,0,2,0,32,1,0,30.0708,,0
124,1,2,1,32,0,0,13.0,E101,1
125,0,1,0,54,0,1,65.6344,D26,1
126,1,3,0,12,1,0,11.2417,,0
127,0,3,0,28,0,0,7.75,,2
128,1,3,0,24,0,0,7.1417,,1
129,1,3,1,28,1,1,22.3583,F E69,0
130,0,3,0,45,0,0,6.975,,1
131,0,3,0,33,0,0,7.8958,,0
132,0,3,0,20,0,0,7.05,,1
133,0,3,1,47,1,0,14.5,,1
134,1,2,1,29,1,0,26.0,,1
135,0,2,0,25,0,0,13.0,,1
136,0,2,0,23,0,0,15.0458,,0
137,1,1,1,19,0,2,26.2833,D47,1
138,0,1,0,37,1,0,53.1,C123,1
139,0,3,0,16,0,0,9.2167,,1
140,0,1,0,24,0,0,65.6344,B86,0
141,0,3,1,28,0,2,15.2458,,0
142,1,3,1,22,0,0,7.75,,1
143,1,3,1,24,1,0,15.85,,1
144,0,3,0,19,0,0,6.75,,2
145,0,2,0,18,0,0,11.5,,1
146,0,2,0,19,1,1,36.75,,1
147,1,3,0,27,0,0,7.7958,,1
148,0,3,1,9,2,2,34.375,,1
149,0,2,0,36,0,2,26.0,F2,1
150,0,2,0,42,0,0,13.0,,1
151,0,2,0,51,0,0,12.525,,1
152,1,1,1,22,1,0,65.6344,C2,1
153,0,3,0,55,0,0,8.05,,1
154,0,3,0,40,0,2,14.5,,1
155,0,3,0,28,0,0,7.3125,,1
156,0,1,0,51,0,1,61.3792,,0
157,1,3,1,16,0,0,7.7333,,2
158,0,3,0,30,0,0,8.05,,1
159,0,3,0,28,0,0,8.6625,,1
160,0,3,0,28,8,2,65.6344,,1
161,0,3,0,44,0,1,16.1,,1
162,1,2,1,40,0,0,15.75,,1
163,0,3,0,26,0,0,7.775,,1
164,0,3,0,17,0,0,8.6625,,1
165,0,3,0,1,4,1,39.6875,,1
166,1,3,0,9,0,2,20.525,,1
167,1,1,1,28,0,1,55.0,E33,1
168,0,3,1,45,1,4,27.9,,1
169,0,1,0,28,0,0,25.925,,1
170,0,3,0,28,0,0,56.4958,,1
171,0,1,0,61,0,0,33.5,B19,1
172,0,3,0,4,4,1,29.125,,2
173,1,3,1,1,1,1,11.1333,,1
174,0,3,0,21,0,0,7.925,,1
175,0,1,0,56,0,0,30.6958,A7,0
176,0,3,0,18,1,1,7.8542,,1
177,0,3,0,28,3,1,25.4667,,1
178,0,1,1,50,0,0,28.7125,C49,0
179,0,2,0,30,0,0,13.0,,1
180,0,3,0,36,0,0,0.0,,1
181,0,3,1,28,8,2,65.6344,,1
182,0,2,0,28,0,0,15.05,,0
183,0,3,0,9,4,2,31.3875,,1
184,1,2,0,1,2,1,39.0,F4,1
185,1,3,1,4,0,2,22.025,,1
186,0,1,0,28,0,0,50.0,A32,1
187,1,3,1,28,1,0,15.5,,2
188,1,1,0,45,0,0,26.55,,1
189,0,3,0,40,1,1,15.5,,2
190,0,3,0,36,0,0,7.8958,,1
191,1,2,1,32,0,0,13.0,,1
192,0,2,0,19,0,0,13.0,,1
193,1,3,1,19,1,0,7.8542,,1
194,1,2,0,3,1,1,26.0,F2,1
195,1,1,1,44,0,0,27.7208,B4,0
196,1,1,1,58,0,0,65.6344,B80,0
197,0,3,0,28,0,0,7.75,,2
198,0,3,0,42,0,1,8.4042,,1
199,1,3,1,28,0,0,7.75,,2
200,0,2,1,24,0,0,13.0,,1
201,0,3,0,28,0,0,9.5,,1
202,0,3,0,28,8,2,65.6344,,1
203,0,3,0,34,0,0,6.4958,,1
204,0,3,0,45,0,0,7.225,,0
205,1,3,0,18,0,0,8.05,,1
206,0,3,1,2,0,1,10.4625,G6,1
207,0,3,0,32,1,0,15.85,,1
208,1,3,0,26,0,0,18.7875,,0
209,1,3,1,16,0,0,7.75,,2
210,1,1,0,40,0,0,31.0,A31,0
211,0,3,0,24,0,0,7.05,,1
212,1,2,1,35,0,0,21.0,,1
213,0,3,0,22,0,0,7.25,,1
214,0,2,0,30,0,0,13.0,,1
215,0,3,0,28,1,0,7.75,,2
216,1,1,1,31,1,0,65.6344,D36,0
217,1,3,1,27,0,0,7.925,,1
218,0,2,0,42,1,0,27.0,,1
219,1,1,1,32,0,0,65.6344,D15,0
220,0,2,0,30,0,0,10.5,,1
221,1,3,0,16,0,0,8.05,,1
222,0,2,0,27,0,0,13.0,,1
223,0,3,0,51,0,0,8.05,,1
224,0,3,0,28,0,0,7.8958,,1
225,1,1,0,38,1,0,65.6344,C93,1
226,0,3,0,22,0,0,9.35,,1
227,1,2,0,19,0,0,10.5,,1
228,0,3,0,20,0,0,7.25,,1
229,0,2,0,18,0,0,13.0,,1
230,0,3,1,28,3,1,25.4667,,1
231,1,1,1,35,1,0,65.6344,C83,1
232,0,3,0,29,0,0,7.775,,1
233,0,2,0,59,0,0,13.5,,1
234,1,3,1,5,4,2,31.3875,,1
235,0,2,0,24,0,0,10.5,,1
236,0,3,1,28,0,0,7.55,,1
237,0,2,0,44,1,0,26.0,,1
238,1,2,1,8,0,2,26.25,,1
239,0,2,0,19,0,0,10.5,,1
240,0,2,0,33,0,0,12.275,,1
241,0,3,1,28,1,0,14.4542,,0
242,1,3,1,28,1,0,15.5,,2
243,0,2,0,29,0,0,10.5,,1
244,0,3,0,22,0,0,7.125,,1
245,0,3,0,30,0,0,7.225,,0
246,0,1,0,44,2,0,65.6344,C78,2
247,0,3,1,25,0,0,7.775,,1
248,1,2,1,24,0,2,14.5,,1
249,1,1,0,37,1,1,52.5542,D35,1
250,0,2,0,54,1,0,26.0,,1
251,0,3,0,28,0,0,7.25,,1
252,0,3,1,29,1,1,10.4625,G6,1
253,0,1,0,62,0,0,26.55,C87,1
254,0,3,0,30,1,0,16.1,,1
255,0,3,1,41,0,2,20.2125,,1
256,1,3,1,29,0,2,15.2458,,0
257,1,1,1,28,0,0,65.6344,,0
258,1,1,1,30,0,0,65.6344,B77,1
259,1,1,1,35,0,0,65.6344,,0
260,1,2,1,50,0,1,26.0,,1
261,0,3,0,28,0,0,7.75,,2
262,1,3,0,3,4,2,31.3875,,1
263,0,1,0,52,1,1,65.6344,E67,1
264,0,1,0,40,0,0,0.0,B94,1
265,0,3,1,28,0,0,7.75,,2
266,0,2,0,36,0,0,10.5,,1
267,0,3,0,16,4,1,39.6875,,1
268,1,3,0,25,1,0,7.775,,1
269,1,1,1,58,0,1,65.6344,C125,1
270,1,1,1,35,0,0,65.6344,C99,1
271,0,1,0,28,0,0,31.0,,1
272,1,3,0,25,0,0,0.0,,1
273,1,2,1,41,0,1,19.5,,1
274,0,1,0,37,0,1,29.7,C118,0
275,1,3,1,28,0,0,7.75,,2
276,1,1,1,63,1,0,65.6344,D7,1
277,0,3,1,45,0,0,7.75,,1
278,0,2,0,28,0,0,0.0,,1
279,0,3,0,7,4,1,29.125,,2
280,1,3,1,35,1,1,20.25,,1
281,0,3,0,65,0,0,7.75,,2
282,0,3,0,28,0,0,7.8542,,1
283,0,3,0,16,0,0,9.5,,1
284,1,3,0,19,0,0,8.05,,1
285,0,1,0,28,0,0,26.0,A19,1
286,0,3,0,33,0,0,8.6625,,0
287,1,3,0,30,0,0,9.5,,1
288,0,3,0,22,0,0,7.8958,,1
289,1,2,0,42,0,0,13.0,,1
290,1,3,1,22,0,0,7.75,,2
291,1,1,1,26,0,0,65.6344,,1
292,1,1,1,19,1,0,65.6344,B49,0
293,0,2,0,36,0,0,12.875,D,0
294,0,3,1,24,0,0,8.85,,1
295,0,3,0,24,0,0,7.8958,,1
296,0,1,0,28,0,0,27.7208,,0
297,0,3,0,23,0,0,7.2292,,0
298,0,1,1,2,1,2,65.6344,C22 C26,1
299,1,1,0,28,0,0,30.5,C106,1
300,1,1,1,50,0,1,65.6344,B58 B60,0
301,1,3,1,28,0,0,7.75,,2
302,1,3,0,28,2,0,23.25,,2
303,0,3,0,19,0,0,0.0,,1
304,1,2,1,28,0,0,12.35,E101,2
305,0,3,0,28,0,0,8.05,,1
306,1,1,0,0,1,2,65.6344,C22 C26,1
307,1,1,1,28,0,0,65.6344,,0
308,1,1,1,17,1,0,65.6344,C65,0
309,0,2,0,30,1,0,24.0,,0
310,1,1,1,30,0,0,56.9292,E36,0
311,1,1,1,24,0,0,65.6344,C54,0
312,1,1,1,18,2,2,65.6344,B57 B59 B63 B66,0
313,0,2,1,26,1,1,26.0,,1
314,0,3,0,28,0,0,7.8958,,1
315,0,2,0,43,1,1,26.25,,1
316,1,3,1,26,0,0,7.8542,,1
317,1,2,1,24,1,0,26.0,,1
318,0,2,0,54,0,0,14.0,,1
319,1,1,1,31,0,2,65.6344,C7,1
320,1,1,1,40,1,1,65.6344,E34,0
321,0,3,0,22,0,0,7.25,,1
322,0,3,0,27,0,0,7.8958,,1
323,1,2,1,30,0,0,12.35,,2
324,1,2,1,22,1,1,29.0,,1
325,0,3,0,28,8,2,65.6344,,1
326,1,1,1,36,0,0,65.6344,C32,0
327,0,3,0,61,0,0,6.2375,,1
328,1,2,1,36,0,0,13.0,D,1
329,1,3,1,31,1,1,20.525,,1
330,1,1,1,16,0,1,57.9792,B18,0
331,1,3,1,28,2,0,23.25,,2
332,0,1,0,45,0,0,28.5,C124,1
333,0,1,0,38,0,1,65.6344,C91,1
334,0,3,0,16,2,0,18.0,,1
335,1,1,1,28,1,0,65.6344,,1
336,0,3,0,28,0,0,7.8958,,1
337,0,1,0,29,1,0,65.6344,C2,1
338,1,1,1,41,0,0,65.6344,E40,0
339,1,3,0,45,0,0,8.05,,1
340,0,1,0,45,0,0,35.5,T,1
341,1,2,0,2,1,1,26.0,F2,1
342,1,1,1,24,3,2,65.6344,C23 C25 C27,1
343,0,2,0,28,0,0,13.0,,1
344,0,2,0,25,0,0,13.0,,1
345,0,2,0,36,0,0,13.0,,1
346,1,2,1,24,0,0,13.0,F33,1
347,1,2,1,40,0,0,13.0,,1
348,1,3,1,28,1,0,16.1,,1
349,1,3,0,3,1,1,15.9,,1
350,0,3,0,42,0,0,8.6625,,1
351,0,3,0,23,0,0,9.225,,1
352,0,1,0,28,0,0,35.0,C128,1
353,0,3,0,15,1,1,7.2292,,0
354,0,3,0,25,1,0,17.8,,1
355,0,3,0,28,0,0,7.225,,0
356,0,3,0,28,0,0,9.5,,1
357,1,1,1,22,0,1,55.0,E33,1
358,0,2,1,38,0,0,13.0,,1
359,1,3,1,28,0,0,7.8792,,2
360,1,3,1,28,0,0,7.8792,,2
361,0,3,0,40,1,4,27.9,,1
362,0,2,0,29,1,0,27.7208,,0
363,0,3,1,45,0,1,14.4542,,0
364,0,3,0,35,0,0,7.05,,1
365,0,3,0,28,1,0,15.5,,2
366,0,3,0,30,0,0,7.25,,1
367,1,1,1,60,1,0,65.6344,D37,0
368,1,3,1,28,0,0,7.2292,,0
369,1,3,1,28,0,0,7.75,,2
370,1,1,1,24,0,0,65.6344,B35,0
371,1,1,0,25,1,0,55.4417,E50,0
372,0,3,0,18,1,0,6.4958,,1
373,0,3,0,19,0,0,8.05,,1
374,0,1,0,22,0,0,65.6344,,0
375,0,3,1,3,3,1,21.075,,1
376,1,1,1,28,1,0,65.6344,,0
377,1,3,1,22,0,0,7.25,,1
378,0,1,0,27,0,2,65.6344,C82,0
379,0,3,0,20,0,0,4.0125,,0
380,0,3,0,19,0,0,7.775,,1
381,1,1,1,42,0,0,65.6344,,0
382,1,3,1,1,0,2,15.7417,,0
383,0,3,0,32,0,0,7.925,,1
384,1,1,1,35,1,0,52.0,,1
385,0,3,0,28,0,0,7.8958,,1
386,0,2,0,18,0,0,65.6344,,1
387,0,3,0,1,5,2,46.9,,1
388,1,2,1,36,0,0,13.0,,1
389,0,3,0,28,0,0,7.7292,,2
390,1,2,1,17,0,0,12.0,,0
391,1,1,0,36,1,2,65.6344,B96 B98,1
392,1,3,0,21,0,0,7.7958,,1
393,0,3,0,28,2,0,7.925,,1
394,1,1,1,23,1,0,65.6344,D36,0
395,1,3,1,24,0,2,16.7,G6,1
396,0,3,0,22,0,0,7.7958,,1
397,0,3,1,31,0,0,7.8542,,1
398,0,2,0,46,0,0,26.0,,1
399,0,2,0,23,0,0,10.5,,1
400,1,2,1,28,0,0,12.65,,1
401,1,3,0,39,0,0,7.925,,1
402,0,3,0,26,0,0,8.05,,1
403,0,3,1,21,1,0,9.825,,1
404,0,3,0,28,1,0,15.85,,1
405,0,3,1,20,0,0,8.6625,,1
406,0,2,0,34,1,0,21.0,,1
407,0,3,0,51,0,0,7.75,,1
408,1,2,0,3,1,1,18.75,,1
409,0,3,0,21,0,0,7.775,,1
410,0,3,1,28,3,1,25.4667,,1
411,0,3,0,28,0,0,7.8958,,1
412,0,3,0,28,0,0,6.8583,,2
413,1,1,1,33,1,0,65.6344,C78,2
414,0,2,0,28,0,0,0.0,,1
415,1,3,0,44,0,0,7.925,,1
416,0,3,1,28,0,0,8.05,,1
417,1,2,1,34,1,1,32.5,,1
418,1,2,1,18,0,2,13.0,,1
419,0,2,0,30,0,0,13.0,,1
420,0,3,1,10,0,2,24.15,,1
421,0,3,0,28,0,0,7.8958,,0
422,0,3,0,21,0,0,7.7333,,2
423,0,3,0,29,0,0,7.875,,1
424,0,3,1,28,1,1,14.4,,1
425,0,3,0,18,1,1,20.2125,,1
426,0,3,0,28,0,0,7.25,,1
427,1,2,1,28,1,0,26.0,,1
428,1,2,1,19,0,0,26.0,,1
429,0,3,0,28,0,0,7.75,,2
430,1,3,0,32,0,0,8.05,E10,1
431,1,1,0,28,0,0,26.55,C52,1
432,1,3,1,28,1,0,16.1,,1
433,1,2,1,42,1,0,26.0,,1
434,0,3,0,17,0,0,7.125,,1
435,0,1,0,50,1,0,55.9,E44,1
436,1,1,1,14,1,2,65.6344,B96 B98,1
437,0,3,1,21,2,2,34.375,,1
438,1,2,1,24,2,3,18.75,,1
439,0,1,0,64,1,4,65.6344,C23 C25 C27,1
440,0,2,0,31,0,0,10.5,,1
441,1,2,1,45,1,1,26.25,,1
442,0,3,0,20,0,0,9.5,,1
443,0,3,0,25,1,0,7.775,,1
444,1,2,1,28,0,0,13.0,,1
445,1,3,0,28,0,0,8.1125,,1
446,1,1,0,4,0,2,65.6344,A34,1
447,1,2,1,13,0,1,19.5,,1
448,1,1,0,34,0,0,26.55,,1
449,1,3,1,5,2,1,19.2583,,0
450,1,1,0,52,0,0,30.5,C104,1
451,0,2,0,36,1,2,27.75,,1
452,0,3,0,28,1,0,19.9667,,1
453,0,1,0,30,0,0,27.75,C111,0
454,1,1,0,49,1,0,65.6344,C92,0
455,0,3,0,28,0,0,8.05,,1
456,1,3,0,29,0,0,7.8958,,0
457,0,1,0,65,0,0,26.55,E38,1
458,1,1,1,28,1,0,51.8625,D21,1
459,1,2,1,50,0,0,10.5,,1
460,0,3,0,28,0,0,7.75,,2
461,1,1,0,48,0,0,26.55,E12,1
462,0,3,0,34,0,0,8.05,,1
463,0,1,0,47,0,0,38.5,E63,1
464,0,2,0,48,0,0,13.0,,1
465,0,3,0,28,0,0,8.05,,1
466,0,3,0,38,0,0,7.05,,1
467,0,2,0,28,0,0,0.0,,1
468,0,1,0,56,0,0,26.55,,1
469,0,3,0,28,0,0,7.725,,2
470,1,3,1,0,2,1,19.2583,,0
471,0,3,0,28,0,0,7.25,,1
472,0,3,0,38,0,0,8.6625,,1
473,1,2,1,33,1,2,27.75,,1
474,1,2,1,23,0,0,13.7917,D,0
475,0,3,1,22,0,0,9.8375,,1
476,0,1,0,28,0,0,52.0,A14,1
477,0,2,0,34,1,0,21.0,,1
478,0,3,0,29,1,0,7.0458,,1
479,0,3,0,22,0,0,7.5208,,1
480,1,3,1,2,0,1,12.2875,,1
481,0,3,0,9,5,2,46.9,,1
482,0,2,0,28,0,0,0.0,,1
483,0,3,0,50,0,0,8.05,,1
484,1,3,1,63,0,0,9.5875,,1
485,1,1,0,25,1,0,65.6344,B49,0
486,0,3,1,28,3,1,25.4667,,1
487,1,1,1,35,1,0,65.6344,C93,1
488,0,1,0,58,0,0,29.7,B37,0
489,0,3,0,30,0,0,8.05,,1
490,1,3,0,9,1,1,15.9,,1
491,0,3,0,28,1,0,19.9667,,1
492,0,3,0,21,0,0,7.25,,1
493,0,1,0,55,0,0,30.5,C30,1
494,0,1,0,71,0,0,49.5042,,0
495,0,3,0,21,0,0,8.05,,1
496,0,3,0,28,0,0,14.4583,,0
497,1,1,1,54,1,0,65.6344,D20,0
498,0,3,0,28,0,0,15.1,,1
499,0,1,1,25,1,2,65.6344,C22 C26,1
500,0,3,0,24,0,0,7.7958,,1
501,0,3,0,17,0,0,8.6625,,1
502,0,3,1,21,0,0,7.75,,2
503,0,3,1,28,0,0,7.6292,,2
504,0,3,1,37,0,0,9.5875,,1
505,1,1,1,16,0,0,65.6344,B79,1
506,0,1,0,18,1,0,65.6344,C65,0
507,1,2,1,33,0,2,26.0,,1
508,1,1,0,28,0,0,26.55,,1
509,0,3,0,28,0,0,22.525,,1
510,1,3,0,26,0,0,56.4958,,1
511,1,3,0,29,0,0,7.75,,2
512,0,3,0,28,0,0,8.05,,1
513,1,1,0,36,0,0,26.2875,E25,1
514,1,1,1,54,1,0,59.4,,0
515,0,3,0,24,0,0,7.4958,,1
516,0,1,0,47,0,0,34.0208,D46,1
517,1,2,1,34,0,0,10.5,F33,1
518,0,3,0,28,0,0,24.15,,2
519,1,2,1,36,1,0,26.0,,1
520,0,3,0,32,0,0,7.8958,,1
521,1,1,1,30,0,0,65.6344,B73,1
522,0,3,0,22,0,0,7.8958,,1
523,0,3,0,28,0,0,7.225,,0
524,1,1,1,44,0,1,57.9792,B18,0
525,0,3,0,28,0,0,7.2292,,0
526,0,3,0,40,0,0,7.75,,2
527,1,2,1,50,0,0,10.5,,1
528,0,1,0,28,0,0,65.6344,C95,1
529,0,3,0,39,0,0,7.925,,1
530,0,2,0,23,2,1,11.5,,1
531,1,2,1,2,1,1,26.0,,1
532,0,3,0,28,0,0,7.2292,,0
533,0,3,0,17,1,1,7.2292,,0
534,1,3,1,28,0,2,22.3583,,0
535,0,3,1,30,0,0,8.6625,,1
536,1,2,1,7,0,2,26.25,,1
537,0,1,0,45,0,0,26.55,B38,1
538,1,1,1,30,0,0,65.6344,,0
539,0,3,0,28,0,0,14.5,,1
540,1,1,1,22,0,2,49.5,B39,0
541,1,1,1,36,0,2,65.6344,B22,1
542,0,3,1,9,4,2,31.275,,1
543,0,3,1,11,4,2,31.275,,1
544,1,2,0,32,1,0,26.0,,1
545,0,1,0,50,1,0,65.6344,C86,0
546,0,1,0,64,0,0,26.0,,1
547,1,2,1,19,1,0,26.0,,1
548,1,2,0,28,0,0,13.8625,,0
549,0,3,0,33,1,1,20.525,,1
550,1,2,0,8,1,1,36.75,,1
551,1,1,0,17,0,2,65.6344,C70,0
552,0,2,0,27,0,0,26.0,,1
553,0,3,0,28,0,0,7.8292,,2
554,1,3,0,22,0,0,7.225,,0
555,1,3,1,22,0,0,7.775,,1
556,0,1,0,62,0,0,26.55,,1
557,1,1,1,48,1,0,39.6,A16,0
558,0,1,0,28,0,0,65.6344,,0
559,1,1,1,39,1,1,65.6344,E67,1
560,1,3,1,36,1,0,17.4,,1
561,0,3,0,28,0,0,7.75,,2
562,0,3,0,40,0,0,7.8958,,1
563,0,2,0,28,0,0,13.5,,1
564,0,3,0,28,0,0,8.05,,1
565,0,3,1,28,0,0,8.05,,1
566,0,3,0,24,2,0,24.15,,1
567,0,3,0,19,0,0,7.8958,,1
568,0,3,1,29,0,4,21.075,,1
569,0,3,0,28,0,0,7.2292,,0
570,1,3,0,32,0,0,7.8542,,1
571,1,2,0,62,0,0,10.5,,1
572,1,1,1,53,2,0,51.4792,C101,1
573,1,1,0,36,0,0,26.3875,E25,1
574,1,3,1,28,0,0,7.75,,2
575,0,3,0,16,0,0,8.05,,1
576,0,3,0,19,0,0,14.5,,1
577,1,2,1,34,0,0,13.0,,1
578,1,1,1,39,1,0,55.9,E44,1
579,0,3,1,28,1,0,14.4583,,0
580,1,3,0,32,0,0,7.925,,1
581,1,2,1,25,1,1,30.0,,1
582,1,1,1,39,1,1,65.6344,C68,0
583,0,2,0,54,0,0,26.0,,1
584,0,1,0,36,0,0,40.125,A10,0
585,0,3,0,28,0,0,8.7125,,0
586,1,1,1,18,0,2,65.6344,E68,1
587,0,2,0,47,0,0,15.0,,1
588,1,1,0,60,1,1,65.6344,B41,0
589,0,3,0,22,0,0,8.05,,1
590,0,3,0,28,0,0,8.05,,1
591,0,3,0,35,0,0,7.125,,1
592,1,1,1,52,1,0,65.6344,D20,0
593,0,3,0,47,0,0,7.25,,1
594,0,3,1,28,0,2,7.75,,2
595,0,2,0,37,1,0,26.0,,1
596,0,3,0,36,1,1,24.15,,1
597,1,2,1,28,0,0,33.0,,1
598,0,3,0,49,0,0,0.0,,1
599,0,3,0,28,0,0,7.225,,0
600,1,1,0,49,1,0,56.9292,A20,0
601,1,2,1,24,2,1,27.0,,1
602,0,3,0,28,0,0,7.8958,,1
603,0,1,0,28,0,0,42.4,,1
604,0,3,0,44,0,0,8.05,,1
605,1,1,0,35,0,0,26.55,,0
606,0,3,0,36,1,0,15.55,,1
607,0,3,0,30,0,0,7.8958,,1
608,1,1,0,27,0,0,30.5,,1
609,1,2,1,22,1,2,41.5792,,0
610,1,1,1,40,0,0,65.6344,C125,1
611,0,3,1,39,1,5,31.275,,1
612,0,3,0,28,0,0,7.05,,1
613,1,3,1,28,1,0,15.5,,2
614,0,3,0,28,0,0,7.75,,2
615,0,3,0,35,0,0,8.05,,1
616,1,2,1,24,1,2,65.0,,1
617,0,3,0,34,1,1,14.4,,1
618,0,3,1,26,1,0,16.1,,1
619,1,2,1,4,2,1,39.0,F4,1
620,0,2,0,26,0,0,10.5,,1
621,0,3,0,27,1,0,14.4542,,0
622,1,1,0,42,1,0,52.5542,D19,1
623,1,3,0,20,1,1,15.7417,,0
624,0,3,0,21,0,0,7.8542,,1
625,0,3,0,21,0,0,16.1,,1
626,0,1,0,61,0,0,32.3208,D50,1
627,0,2,0,57,0,0,12.35,,2
628,1,1,1,21,0,0,65.6344,D9,1
629,0,3,0,26,0,0,7.8958,,1
630,0,3,0,28,0,0,7.7333,,2
631,1,1,0,80,0,0,30.0,A23,1
632,0,3,0,51,0,0,7.0542,,1
633,1,1,0,32,0,0,30.5,B50,0
634,0,1,0,28,0,0,0.0,,1
635,0,3,1,9,3,2,27.9,,1
636,1,2,1,28,0,0,13.0,,1
637,0,3,0,32,0,0,7.925,,1
638,0,2,0,31,1,1,26.25,,1
639,0,3,1,41,0,5,39.6875,,1
640,0,3,0,28,1,0,16.1,,1
641,0,3,0,20,0,0,7.8542,,1
642,1,1,1,24,0,0,65.6344,B35,0
643,0,3,1,2,3,2,27.9,,1
644,1,3,0,28,0,0,56.4958,,1
645,1,3,1,0,2,1,19.2583,,0
646,1,1,0,48,1,0,65.6344,D33,0
647,0,3,0,19,0,0,7.8958,,1
648,1,1,0,56,0,0,35.5,A26,0
649,0,3,0,28,0,0,7.55,,1
650,1,3,1,23,0,0,7.55,,1
651,0,3,0,28,0,0,7.8958,,1
652,1,2,1,18,0,1,23.0,,1
653,0,3,0,21,0,0,8.4333,,1
654,1,3,1,28,0,0,7.8292,,2
655,0,3,1,18,0,0,6.75,,2
656,0,2,0,24,2,0,65.6344,,1
657,0,3,0,28,0,0,7.8958,,1
658,0,3,1,32,1,1,15.5,,2
659,0,2,0,23,0,0,13.0,,1
660,0,1,0,58,0,2,65.6344,D48,0
661,1,1,0,50,2,0,65.6344,,1
662,0,3,0,40,0,0,7.225,,0
663,0,1,0,47,0,0,25.5875,E58,1
664,0,3,0,36,0,0,7.4958,,1
665,1,3,0,20,1,0,7.925,,1
666,0,2,0,32,2,0,65.6344,,1
667,0,2,0,25,0,0,13.0,,1
668,0,3,0,28,0,0,7.775,,1
669,0,3,0,43,0,0,8.05,,1
670,1,1,1,28,1,0,52.0,C126,1
671,1,2,1,40,1,1,39.0,,1
672,0,1,0,31,1,0,52.0,B71,1
673,0,2,0,70,0,0,10.5,,1
674,1,2,0,31,0,0,13.0,,1
675,0,2,0,28,0,0,0.0,,1
676,0,3,0,18,0,0,7.775,,1
677,0,3,0,24,0,0,8.05,,1
678,1,3,1,18,0,0,9.8417,,1
679,0,3,1,43,1,6,46.9,,1
680,1,1,0,36,0,1,65.6344,B51 B53 B55,0
681,0,3,1,28,0,0,8.1375,,2
682,1,1,0,27,0,0,65.6344,D49,0
683,0,3,0,20,0,0,9.225,,1
684,0,3,0,14,5,2,46.9,,1
685,0,2,0,60,1,1,39.0,,1
686,0,2,0,25,1,2,41.5792,,0
687,0,3,0,14,4,1,39.6875,,1
688,0,3,0,19,0,0,10.1708,,1
689,0,3,0,18,0,0,7.7958,,1
690,1,1,1,15,0,1,65.6344,B5,1
691,1,1,0,31,1,0,57.0,B20,1
692,1,3,1,4,0,1,13.4167,,0
693,1,3,0,28,0,0,56.4958,,1
694,0,3,0,25,0,0,7.225,,0
695,0,1,0,60,0,0,26.55,,1
696,0,2,0,52,0,0,13.5,,1
697,0,3,0,44,0,0,8.05,,1
698,1,3,1,28,0,0,7.7333,,2
699,0,1,0,49,1,1,65.6344,C68,0
700,0,3,0,42,0,0,7.65,F G63,1
701,1,1,1,18,1,0,65.6344,C62 C64,0
702,1,1,0,35,0,0,26.2875,E24,1
703,0,3,1,18,0,1,14.4542,,0
704,0,3,0,25,0,0,7.7417,,2
705,0,3,0,26,1,0,7.8542,,1
706,0,2,0,39,0,0,26.0,,1
707,1,2,1,45,0,0,13.5,,1
708,1,1,0,42,0,0,26.2875,E24,1
709,1,1,1,22,0,0,65.6344,,1
710,1,3,0,28,1,1,15.2458,,0
711,1,1,1,24,0,0,49.5042,C90,0
712,0,1,0,28,0,0,26.55,C124,1
713,1,1,0,48,1,0,52.0,C126,1
714,0,3,0,29,0,0,9.4833,,1
715,0,2,0,52,0,0,13.0,,1
716,0,3,0,19,0,0,7.65,F G73,1
717,1,1,1,38,0,0,65.6344,C45,0
718,1,2,1,27,0,0,10.5,E101,1
719,0,3,0,28,0,0,15.5,,2
720,0,3,0,33,0,0,7.775,,1
721,1,2,1,6,0,1,33.0,,1
722,0,3,0,17,1,0,7.0542,,1
723,0,2,0,34,0,0,13.0,,1
724,0,2,0,50,0,0,13.0,,1
725,1,1,0,27,1,0,53.1,E8,1
726,0,3,0,20,0,0,8.6625,,1
727,1,2,1,30,3,0,21.0,,1
728,1,3,1,28,0,0,7.7375,,2
729,0,2,0,25,1,0,26.0,,1
730,0,3,1,25,1,0,7.925,,1
731,1,1,1,29,0,0,65.6344,B5,1
732,0,3,0,11,0,0,18.7875,,0
733,0,2,0,28,0,0,0.0,,1
734,0,2,0,23,0,0,13.0,,1
735,0,2,0,23,0,0,13.0,,1
736,0,3,0,28,0,0,16.1,,1
737,0,3,1,48,1,3,34.375,,1
738,1,1,0,35,0,0,65.6344,B101,0
739,0,3,0,28,0,0,7.8958,,1
740,0,3,0,28,0,0,7.8958,,1
741,1,1,0,28,0,0,30.0,D45,1
742,0,1,0,36,1,0,65.6344,C46,1
743,1,1,1,21,2,2,65.6344,B57 B59 B63 B66,0
744,0,3,0,24,1,0,16.1,,1
745,1,3,0,31,0,0,7.925,,1
746,0,1,0,70,1,1,65.6344,B22,1
747,0,3,0,16,1,1,20.25,,1
748,1,2,1,30,0,0,13.0,,1
749,0,1,0,19,1,0,53.1,D30,1
750,0,3,0,31,0,0,7.75,,2
751,1,2,1,4,1,1,23.0,,1
752,1,3,0,6,0,1,12.475,E121,1
753,0,3,0,33,0,0,9.5,,1
754,0,3,0,23,0,0,7.8958,,1
755,1,2,1,48,1,2,65.0,,1
756,1,2,0,0,1,1,14.5,,1
757,0,3,0,28,0,0,7.7958,,1
758,0,2,0,18,0,0,11.5,,1
759,0,3,0,34,0,0,8.05,,1
760,1,1,1,33,0,0,65.6344,B77,1
761,0,3,0,28,0,0,14.5,,1
762,0,3,0,41,0,0,7.125,,1
763,1,3,0,20,0,0,7.2292,,0
764,1,1,1,36,1,2,65.6344,B96 B98,1
765,0,3,0,16,0,0,7.775,,1
766,1,1,1,51,1,0,65.6344,D11,1
767,0,1,0,28,0,0,39.6,,0
768,0,3,1,30,0,0,7.75,,2
769,0,3,0,28,1,0,24.15,,2
770,0,3,0,32,0,0,8.3625,,1
771,0,3,0,24,0,0,9.5,,1
772,0,3,0,48,0,0,7.8542,,1
773,0,2,1,57,0,0,10.5,E77,1
774,0,3,0,28,0,0,7.225,,0
775,1,2,1,54,1,3,23.0,,1
776,0,3,0,18,0,0,7.75,,1
777,0,3,0,28,0,0,7.75,F38,2
778,1,3,1,5,0,0,12.475,,1
779,0,3,0,28,0,0,7.7375,,2
780,1,1,1,43,0,1,65.6344,B3,1
781,1,3,1,13,0,0,7.2292,,0
782,1,1,1,17,1,0,57.0,B20,1
783,0,1,0,29,0,0,30.0,D6,1
784,0,3,0,28,1,2,23.45,,1
785,0,3,0,25,0,0,7.05,,1
786,0,3,0,25,0,0,7.25,,1
787,1,3,1,18,0,0,7.4958,,1
788,0,3,0,8,4,1,29.125,,2
789,1,3,0,1,1,2,20.575,,1
790,0,1,0,46,0,0,65.6344,B82 B84,0
791,0,3,0,28,0,0,7.75,,2
792,0,2,0,16,0,0,26.0,,1
793,0,3,1,28,8,2,65.6344,,1
794,0,1,0,28,0,0,30.6958,,0
795,0,3,0,25,0,0,7.8958,,1
796,0,2,0,39,0,0,13.0,,1
797,1,1,1,49,0,0,25.9292,D17,1
798,1,3,1,31,0,0,8.6833,,1
799,0,3,0,30,0,0,7.2292,,0
800,0,3,1,30,1,1,24.15,,1
801,0,2,0,34,0,0,13.0,,1
802,1,2,1,31,1,1,26.25,,1
803,1,1,0,11,1,2,65.6344,B96 B98,1
804,1,3,0,0,0,1,8.5167,,0
805,1,3,0,27,0,0,6.975,,1
806,0,3,0,31,0,0,7.775,,1
807,0,1,0,39,0,0,0.0,A36,1
808,0,3,1,18,0,0,7.775,,1
809,0,2,0,39,0,0,13.0,,1
810,1,1,1,33,1,0,53.1,E8,1
811,0,3,0,26,0,0,7.8875,,1
812,0,3,0,39,0,0,24.15,,1
813,0,2,0,35,0,0,10.5,,1
814,0,3,1,6,4,2,31.275,,1
815,0,3,0,30,0,0,8.05,,1
816,0,1,0,28,0,0,0.0,B102,1
817,0,3,1,23,0,0,7.925,,1
818,0,2,0,31,1,1,37.0042,,0
819,0,3,0,43,0,0,6.45,,1
820,0,3,0,10,3,2,27.9,,1
821,1,1,1,52,1,1,65.6344,B69,1
822,1,3,0,27,0,0,8.6625,,1
823,0,1,0,38,0,0,0.0,,1
824,1,3,1,27,0,1,12.475,E121,1
825,0,3,0,2,4,1,39.6875,,1
826,0,3,0,28,0,0,6.95,,2
827,0,3,0,28,0,0,56.4958,,1
828,1,2,0,1,0,2,37.0042,,0
829,1,3,0,28,0,0,7.75,,2
830,1,1,1,62,0,0,65.6344,B28,1
831,1,3,1,15,1,0,14.4542,,0
832,1,2,0,0,1,1,18.75,,1
833,0,3,0,28,0,0,7.2292,,0
834,0,3,0,23,0,0,7.8542,,1
835,0,3,0,18,0,0,8.3,,1
836,1,1,1,39,1,1,65.6344,E49,0
837,0,3,0,21,0,0,8.6625,,1
838,0,3,0,28,0,0,8.05,,1
839,1,3,0,32,0,0,56.4958,,1
840,1,1,0,28,0,0,29.7,C47,0
841,0,3,0,20,0,0,7.925,,1
842,0,2,0,16,0,0,10.5,,1
843,1,1,1,30,0,0,31.0,,0
844,0,3,0,34,0,0,6.4375,,0
845,0,3,0,17,0,0,8.6625,,1
846,0,3,0,42,0,0,7.55,,1
847,0,3,0,28,8,2,65.6344,,1
848,0,3,0,35,0,0,7.8958,,0
849,0,2,0,28,0,1,33.0,,1
850,1,1,1,28,1,0,65.6344,C92,0
851,0,3,0,4,4,2,31.275,,1
852,0,3,0,74,0,0,7.775,,1
853,0,3,1,9,1,1,15.2458,,0
854,1,1,1,16,0,1,39.4,D28,1
855,0,2,1,44,1,0,26.0,,1
856,1,3,1,18,0,1,9.35,,1
857,1,1,1,45,1,1,65.6344,,1
858,1,1,0,51,0,0,26.55,E17,1
859,1,3,1,24,0,3,19.2583,,0
860,0,3,0,28,0,0,7.2292,,0
861,0,3,0,41,2,0,14.1083,,1
862,0,2,0,21,1,0,11.5,,1
863,1,1,1,48,0,0,25.9292,D17,1
864,0,3,1,28,8,2,65.6344,,1
865,0,2,0,24,0,0,13.0,,1
866,1,2,1,42,0,0,13.0,,1
867,1,2,1,27,1,0,13.8583,,0
868,0,1,0,31,0,0,50.4958,A24,1
869,0,3,0,28,0,0,9.5,,1
870,1,3,0,4,1,1,11.1333,,1
871,0,3,0,26,0,0,7.8958,,1
872,1,1,1,47,1,1,52.5542,D35,1
873,0,1,0,33,0,0,5.0,B51 B53 B55,1
874,0,3,0,47,0,0,9.0,,1
875,1,2,1,28,1,0,24.0,,0
876,1,3,1,15,0,0,7.225,,0
877,0,3,0,20,0,0,9.8458,,1
878,0,3,0,19,0,0,7.8958,,1
879,0,3,0,28,0,0,7.8958,,1
880,1,1,1,56,0,1,65.6344,C50,0
881,1,2,1,25,0,1,26.0,,1
882,0,3,0,33,0,0,7.8958,,1
883,0,3,1,22,0,0,10.5167,,1
884,0,2,0,28,0,0,10.5,,1
885,0,3,0,25,0,0,7.05,,1
886,0,3,1,39,0,5,29.125,,2
887,0,2,0,27,0,0,13.0,,1
888,1,1,1,19,0,0,30.0,B42,1
889,0,3,1,28,1,2,23.45,,1
890,1,1,0,26,0,0,30.0,C148,0
891,0,3,0,32,0,0,7.75,,2
